{"Epoch": 4, "_timestamp": 1721350018.279208, "_runtime": 108.26026582717896, "_step": 4, "_wandb": {"runtime": 114}}