{"epoch": 4, "_timestamp": 1720660190.3484411, "_runtime": 948.3110511302948, "_step": 34, "train_loss": 2.149123430252075, "val_loss": 180.415585398674, "val_acc": 34.86, "lr": 9.994449374809851e-05, "test_ece": 0.07152768969535828, "epoch_time": 192.16011595726013, "_wandb": {"runtime": 1113}}