{"epoch": 0, "_timestamp": 1720659208.980781, "_runtime": 189.9686620235443, "_step": 5, "train_loss": 2.3331279277801515, "val_loss": 215.6235818862915, "val_acc": 21.34, "lr": 9.999383162408304e-05, "test_ece": 0.033680129796266556, "_wandb": {"runtime": 189}}