{"train_loss": 2.2910526752471925, "_timestamp": 1720661308.499413, "_runtime": 371.7362849712372, "_step": 11, "val_loss": 2.0829877138137816, "val_acc": 25.32, "lr": 0.0001, "test_ece": 0.0654725506901741, "epoch_time": 185.97855615615845, "_wandb": {"runtime": 503}}