{"train_loss": 2.2869308233261108, "_timestamp": 1720662359.364693, "_runtime": 350.8523299694061, "_step": 11, "val_loss": 2.0617091619968413, "val_acc": 22.96, "lr": 0.0001, "test_ece": 0.03984144702553749, "epoch_time": 175.59019494056702, "_wandb": {"runtime": 386}}